match_id,player_id,time,type,scoring_team_id
300186463,271414,31',goal,43909
300186463,373400,34',goal,43927
300186463,373400,65',goal,43927
1230,174771,59',goal,43975
1230,59027,70',goal,43975
1230,55466,84',goal,43975
1660,174590,11',goal,44023
1660,174590,83',goal,44023
1660,25113,70',goal,44023
1660,57776,75',goal,44023
8768,170749,3',goal,43975
74,63524,81',goal,43924
300061506,229884,83',goal,43969
1119,58843,11',goal,43950
1119,59017,31',goal,43950
1119,59017,61',goal,43950
1119,59658,53',goal,43950
1119,49294,35',goal,43855
1119,49294,39',goal,43855
439,63627,62',goal,43924
3061,60145,21',goal,43876
3061,77319,43',goal,43876
3061,93859,55',goal,43876
2220,174426,6',goal,43960
2220,44559,35',penalty,43960
2220,44560,36',goal,43960
2220,44560,53',goal,43960
2220,59385,82',goal,43960
2220,55413,79',goal,43934
8787,155685,22',goal,43960
8787,174882,14',goal,43938
8787,155711,36',goal,43938
300331526,407125,90'+5',owngoal,43817
1637,174521,38',goal,44023
1637,57776,84',goal,44023
1637,49660,22',goal,43969
878,44573,1',goal,43942
878,44573,67',goal,43942
878,53649,83',goal,43942
878,58227,24',goal,43946
1764,63879,59',goal,43924
751,174840,22',penalty,43922
751,174395,54',goal,43922
300331530,270775,23',goal,43930
8729,95166,69',goal,43941
1158,45598,81',goal,43970
1158,45598,89',goal,43970
1158,45598,9',goal,43970
1158,59912,22',goal,43970
1158,59912,37',goal,43970
1158,59912,44',goal,43970
1158,52017,80',goal,43970
1158,55350,84',goal,43970
43950028,182590,86',goal,43901
43950028,179306,56',goal,43972
300186475,321722,12',penalty,43948
300186475,321722,45'+1,goal,43948
300186475,321722,78',goal,43948
300186475,311150,32',goal,43948
1676,47679,5',goal,44026
1676,56397,46',goal,44026
1676,174388,57',goal,43950
643,44001,62',goal,43822
643,51091,83',goal,43822
643,174342,17',goal,43954
643,174342,73',goal,43954
643,47704,82',owngoal,43954
300061510,267834,28',goal,43930
300061510,189259,51',goal,43930
300061510,321722,19',goal,43948
300061510,196791,56',goal,43948
300061510,196900,82',goal,43948
3098,77376,64',goal,43960
3098,44759,76',goal,43960
3098,63547,53',goal,43924
3098,96461,63',goal,43924
3098,63517,81',goal,43924
1949,174617,19',goal,43922
1949,174851,35',owngoal,43954
300061455,233703,77',goal,43922
300061455,180583,89',goal,43922
585,174345,4',goal,43930
585,174339,84',goal,44023
97410051,161454,60',goal,43942
43950004,182206,20',goal,43948
43950004,182206,25',goal,43948
43950004,182206,70',goal,43948
43950004,177667,40',goal,43948
43950004,168509,45'+1,goal,43948
43950004,155354,73',goal,43948
43950004,155334,84',goal,43948
43950004,164548,90'+1,goal,43948
1461,61571,56',goal,43924
1461,63869,73',goal,43924
1174,174474,35',goal,43954
1174,174474,6',goal,43954
1174,174862,16',goal,43954
1174,174862,82',goal,43954
1174,44693,8',goal,43950
1174,44605,70',goal,43950
511,55555,33',penalty,43941
511,174442,43',goal,43969
511,174442,57',goal,43969
511,174442,80',goal,43969
511,174442,89',penalty,43969
511,166547,68',penalty,43969
395,44707,6',goal,43922
395,44707,46',goal,43922
395,44585,18',goal,43922
395,55941,73',goal,43822
300186459,214876,52',goal,43901
300186459,299090,90'+1,goal,43949
680,174543,3',goal,43911
680,57097,85',goal,43928
97410006,184616,18',goal,43960
43950053,158471,8',goal,43921
43950053,175507,65',goal,43921
8752,78384,31',goal,43922
8752,78384,55',goal,43922
8752,75952,73',goal,43922
8752,75952,78',goal,43922
8752,75952,83',penalty,43922
1820,59342,45',goal,43911
1820,59342,46',goal,43911
1820,49563,58',goal,43911
1820,46274,83',goal,43911
1089,56077,40',goal,43928
1123,174761,11',goal,43954
97410010,177712,5',goal,43995
97410010,177823,36',goal,43995
97410010,177823,76',goal,43995
1709,39547,12',penalty,43963
1709,61699,89',goal,43963
1709,61638,43',goal,44026
43950045,156053,48',goal,43819
43950045,156055,75',goal,43819
1135,44610,18',goal,43954
1135,44610,29',goal,43954
1135,44610,64',goal,43954
1135,174825,20',goal,43954
1135,174825,69',goal,43954
1135,174537,63',goal,43954
1135,174761,90',goal,43954
1135,48676,57',goal,43921
300061480,184410,25',goal,44002
300061480,184410,73',goal,44002
300061480,207956,89',goal,44002
300061480,196699,81',goal,43954
300061480,297409,90'+2,goal,43954
8744,170774,7',goal,43954
8744,155979,75',goal,43954
8744,155979,89',goal,43954
97410047,198446,36',goal,43969
43950012,170167,61',goal,43901
43950012,154801,65',goal,43901
1532,174781,2',goal,43954
1532,174436,65',goal,43954
1532,174436,67',goal,43954
1498,58444,80',goal,44025
120,44241,75',goal,43975
3082,77510,5',goal,43835
8764,157429,18',goal,43883
8764,157429,90'+3,penalty,43883
8764,77503,45'+2,penalty,43835
8764,159267,74',penalty,43835
97410030,182647,16',goal,43971
97410030,209979,88',goal,43971
300186480,290904,78',goal,43935
198,44739,35',goal,44023
198,44739,75',goal,44023
198,174666,37',goal,44023
198,174742,47',goal,44023
198,174385,58',goal,44023
198,94471,46',goal,43840
43950032,166375,14',goal,43963
43950032,166375,65',goal,43963
43950032,166375,77',goal,43963
43950032,161070,88',goal,43963
1284,59793,7',goal,44023
1284,57659,12',goal,44023
1284,57659,79',goal,44023
1284,174784,30',goal,44023
1284,174784,60',goal,44023
1284,174784,77',goal,44023
1284,44747,62',goal,44023
1284,291090,21',goal,43972
1284,52892,82',goal,43972
161,174708,9',goal,43942
161,44634,73',goal,43953
8725,76948,37',goal,43872
8725,156741,60',goal,43872
8725,181656,45'+1,owngoal,43961
8725,129893,61',goal,43961
43950024,4078,4',goal,43883
300331496,367920,54',goal,43969
1768,63896,11',goal,43924
1768,63881,15',goal,43924
1768,63881,52',goal,43924
1768,63879,75',goal,43924
1768,174552,28',goal,43929
1768,174483,70',goal,43929
2451,48106,43',goal,43929
2451,174483,71',goal,43929
2451,174483,77',goal,43929
2451,174645,14',goal,43967
8772,153970,36',goal,43922
300061459,296013,7',goal,43822
300061459,177788,52',goal,43822
1945,46956,35',goal,43922
1945,63896,32',goal,43924
1945,63879,49',goal,43924
300186479,290902,70',goal,43935
300186479,358114,80',goal,43935
300186479,319358,25',penalty,43843
97410026,208353,2',goal,43860
97410026,183000,82',goal,43860
300186496,297103,45',penalty,43946
300186496,297103,72',goal,43946
300186496,178185,48',owngoal,43946
43950008,155148,44',goal,43969
43950008,183383,74',goal,43969
43950008,174605,87',penalty,43969
43950008,157897,82',goal,43968
264,44611,65',goal,43954
264,44629,83',goal,43954
771,174856,50',goal,43934
771,50899,68',goal,43934
771,50531,27',goal,43952
771,50531,75',goal,43952
300331510,300377,76',penalty,43951
300331510,357991,53',goal,43938
300331510,359381,90',goal,43938
2216,44607,9',goal,43934
2216,52483,76',goal,43934
2216,57211,21',goal,43969
3057,63547,26',goal,43924
3057,76828,52',penalty,43924
300061475,170667,10',goal,43849
300061475,254120,33',goal,43941
300061475,179027,61',goal,43941
1085,174777,81',goal,43922
42,44611,78',goal,43954
1656,50746,15',goal,44023
1656,174590,20',goal,44023
1656,174590,77',penalty,44023
1656,25113,39',goal,44023
1656,25113,52',goal,44023
1206,58582,15',goal,43970
1206,54060,33',goal,43970
1206,55844,80',goal,43970
1206,60291,82',goal,43969
300186510,207528,27',penalty,43969
300186510,217315,44',goal,43960
300186510,217315,72',goal,43960
300186510,184616,53',goal,43960
300186510,184616,80',goal,43960
300186510,313021,65',goal,43960
300331547,273996,6',penalty,43935
300331547,358112,16',goal,43935
300331547,358112,45'+3',goal,43935
300331547,273996,51',goal,43935
300331547,378835,90',goal,43935
300331547,411653,18',goal,43888
300331547,364669,90'+3',goal,43888
1343,63866,32',goal,43924
1343,63866,9',goal,43924
1343,63869,55',goal,43924
1343,63869,90',goal,43924
1343,61571,68',goal,43924
1343,174705,4',goal,43970
1343,58070,80',goal,43970
300186455,362649,42',goal,43949
300186455,297112,90'+3,penalty,43949
300186455,353118,74',goal,43854
300061463,299703,13',goal,43968
300061463,299706,42',goal,43968
300061463,175507,48',goal,43921
300061463,233531,82',goal,43921
43950049,179558,88',goal,43948
2200,174398,67',goal,43954
1990,174681,78',owngoal,43936
1990,174796,45',penalty,43960
1990,174796,5',penalty,43960
1990,44560,71',goal,43960
1990,69596,88',goal,43960
1093,61698,21',goal,43975
1093,46364,30',goal,43975
1093,63823,62',goal,43924
300111116,196789,8',goal,43948
300111116,182206,26',goal,43948
300111116,321722,68',goal,43948
300111116,312546,70',goal,43948
300186506,354859,60',goal,43843
300186506,358048,6',goal,43965
675,166526,79',goal,43963
675,52077,19',goal,43872
675,52077,27',goal,43872
675,52517,62',goal,43872
2083,44571,52',goal,43954
2083,174389,66',goal,43954
2083,174347,79',goal,43954
2083,57537,46',goal,43908
2129,44679,38',goal,43962
2129,44043,44',goal,43962
2129,174455,85',goal,43954
1882,50395,25',owngoal,43954
1882,44569,63',goal,43954
1882,44569,76',goal,43954
1882,44571,70',goal,43954
1882,50119,13',goal,43911
788,44582,25',goal,43954
788,44582,5',goal,43954
788,44582,74',goal,43954
788,63627,12',goal,43924
788,63630,68',goal,43924
300331506,349696,18',goal,43929
300331506,225497,50',goal,43929
767,174554,39',goal,43946
1752,174845,14',penalty,43911
789,63650,28',goal,43924
789,63650,31',goal,43924
789,63630,64',goal,43924
789,63736,70',goal,43924
1753,47121,14',goal,44026
1753,47121,63',goal,44026
1753,45842,57',goal,44026
1753,69799,76',goal,44026
1753,52706,86',goal,43935
1883,174505,10',goal,43954
300186507,353118,64',goal,43854
300186507,290186,66',goal,43854
300186507,233500,16',goal,43819
1641,198018,57',goal,43969
1641,174346,75',goal,43969
1641,56509,28',goal,43971
300331550,356704,39',goal,43926
300331550,268596,6',penalty,43819
300331550,275136,73',goal,43819
300061462,186453,23',goal,43942
2201,174658,21',goal,43922
2201,174658,48',goal,43922
2201,44683,43',goal,43922
2201,174722,50',goal,43922
2201,174722,72',goal,43922
2201,174617,67',goal,43922
43950048,178975,3',goal,43962
43950048,178976,5',goal,43962
43950048,178968,66',goal,43962
43950048,175507,83',goal,43921
2344,53164,22',goal,43946
2344,46475,37',goal,43946
2344,44577,42',goal,43946
2344,60386,41',goal,43950
55,174867,119',goal,43942
8749,161077,37',goal,43960
8749,91967,41',goal,43960
8749,77376,71',goal,43960
8749,155681,80',goal,43960
8749,95564,83',goal,43960
1092,46364,60',goal,43975
1092,46364,67',goal,43975
1092,53657,65',goal,43975
1092,59734,85',goal,43975
300111117,215002,53',goal,43960
398,55975,42',goal,43922
1207,174559,29',goal,43930
1207,44727,73',goal,43930
1207,46285,37',goal,43969
1207,46285,39',goal,43969
300186511,214228,29',goal,43876
300331546,369434,8',goal,43942
300331546,369419,22',penalty,43942
300331546,398743,36',goal,43942
300331546,369434,40',goal,43942
300331546,369419,45'+1',penalty,43942
300331546,369419,62',goal,43942
300331546,201720,78',goal,43914
377,55528,66',goal,43924
2217,37656,59',owngoal,43934
2217,52483,66',goal,43934
2217,52483,87',goal,43934
2217,44587,19',goal,44023
2217,174610,68',goal,44023
3056,76750,31',goal,43849
3056,174820,47',goal,43849
3056,44320,8',goal,43970
3056,48179,75',goal,43970
300061474,154949,81',goal,43941
300061474,233500,17',goal,43819
300061474,177768,30',goal,43819
300061474,286278,87',goal,43819
1084,61693,12',goal,43922
1084,61693,13',goal,43922
1084,49179,51',goal,43922
1084,58531,15',goal,43925
43,174403,31',penalty,44025
1987,63879,12',goal,43924
1987,63896,66',goal,43924
1987,63905,79',goal,43924
2186,46091,30',goal,43975
2186,46091,8',goal,43975
2186,46091,81',goal,43975
2186,174514,14',goal,43975
2186,58597,18',goal,43975
2186,51943,22',goal,43975
2186,46718,35',goal,43975
2186,55418,61',goal,43975
2186,56194,65',goal,43975
265,174560,11',goal,43954
1315,54212,71',goal,43930
1315,44609,84',goal,43930
770,174619,10',goal,44023
300331511,201200,4',goal,43963
459,58105,85',goal,43936
459,174342,43',goal,43954
43950009,162580,60',penalty,43911
1179,44100,2',goal,43954
1179,174862,94',goal,43954
1179,47007,83',goal,43961
300186478,213001,21',goal,43976
300186478,197514,54',penalty,43976
300186478,184616,20',goal,43960
300186478,217315,58',goal,43960
300186478,336098,68',goal,43960
97410027,175683,49',goal,43924
97410027,233952,90',goal,43924
300186497,358120,93',goal,43935
300186497,358112,105',goal,43935
300186497,369094,107',goal,43921
8773,3242,11',goal,43924
8773,3242,26',goal,43924
8773,92699,45'+3,penalty,43924
8773,92699,72',goal,43924
8773,154557,70',goal,43925
567,58469,29',goal,43946
567,44690,62',goal,43946
567,44577,84',goal,43946
3095,44543,101',goal,43964
3095,44543,88',goal,43964
3095,174431,78',goal,43970
3095,157927,115',goal,43970
1102,51569,67',goal,43970
1102,51569,9',goal,43970
1102,52535,79',goal,43970
1102,46383,4',goal,43922
1102,49694,48',goal,43922
422,49383,27',goal,43946
422,95450,43',goal,43946
422,174554,104',goal,43946
422,45546,111',penalty,43946
422,43988,11',goal,43935
422,44006,73',goal,43935
300061458,207761,17',owngoal,43922
300061458,271550,33',goal,43922
300061458,271550,76',goal,43922
300061458,271550,80',goal,43922
300061458,268414,45'+1,goal,43822
2391,174426,50',goal,43960
2391,174586,75',goal,43960
2391,174426,18',owngoal,43954
300331497,344714,49',goal,43876
300331497,344714,75',goal,43876
300340184,313374,19',goal,43969
300340184,402138,90'+1',goal,43969
300340184,401884,14',goal,43872
300340184,401885,81',goal,43872
1769,63869,19',goal,43924
1769,63869,67',goal,43924
1769,63879,22',goal,43924
1769,174511,34',goal,43964
1769,48413,84',goal,43964
2450,44679,65',goal,43962
43950025,155979,55',goal,43954
43950025,187258,73',goal,43938
43950025,164496,76',goal,43938
475,49148,2',goal,43950
475,48469,75',goal,43950
1285,51007,9',owngoal,44023
1285,44545,85',goal,44023
8732,77929,27',goal,43822
8732,77290,50',goal,43911
8732,170333,75',goal,43911
8732,170333,84',goal,43911
1840,174790,19',goal,44023
1840,174790,26',goal,44023
1840,174790,39',goal,44023
1840,174483,44',goal,43929
1143,58627,24',goal,44025
1143,58193,49',goal,44025
1143,174799,82',goal,44025
1143,52146,18',goal,43971
1143,51384,78',goal,43971
463,174797,34',goal,43911
463,57857,61',goal,43911
43950033,179027,22',goal,43941
43950033,154949,67',goal,43941
97410031,155148,71',goal,43969
97410031,183864,76',goal,43969
97410031,183864,90'+1,penalty,43969
97410031,213369,8',goal,43888
1682,47679,57',goal,44026
300186481,379911,88',goal,43935
1544,48526,12',goal,43911
1544,48365,29',goal,43911
1544,50818,90',penalty,43911
1544,53770,1',goal,44025
3083,77322,45',goal,43876
3083,77319,90',goal,43876
571,174535,62',goal,43946
571,44552,53',goal,44026
8765,55176,7',goal,43935
8765,156242,72',goal,43822
1952,174694,62',goal,43962
1952,174694,7',goal,43962
1952,44679,8',goal,43962
1952,50792,60',goal,43922
1952,174949,66',goal,43922
43950064,92699,67',goal,43924
43950064,92699,79',goal,43924
1051,174486,18',goal,43967
1051,59816,29',goal,43967
1051,59816,32',goal,43967
1051,181332,73',goal,43967
1051,45752,79',goal,43967
1051,58575,54',goal,43978
1051,60039,64',goal,43978
43950013,182445,59',goal,43819
43950013,177771,67',goal,43819
43950013,44755,57',goal,43935
43950013,184585,75',goal,43935
1925,174527,117',goal,43930
290,44115,90',goal,43930
97410046,209989,23',goal,43971
97410046,182647,77',goal,43971
43950044,178842,48',goal,43927
1071,47683,59',goal,44026
1071,57932,84',goal,44026
1071,174645,15',goal,43967
1071,44651,86',goal,43967
1421,48131,20',goal,43952
1134,174825,81',goal,43954
1134,44610,95',goal,43954
1134,174884,71',goal,44025
1564,58132,25',penalty,43975
1564,174551,29',goal,43975
1564,51536,49',goal,43975
1564,47146,19',goal,43930
300061481,276117,27',goal,43928
300061481,253460,86',goal,43928
551,47815,47',goal,43952
551,174442,2',goal,43969
551,44594,18',goal,43969
8745,170711,37',goal,43946
8745,170711,78',goal,43946
8745,170709,68',goal,43946
8745,166722,85',goal,43946
2348,44922,3',goal,44023
2348,54656,70',goal,44023
2348,174586,27',goal,43960
2348,44714,84',goal,43960
228,44540,71',goal,43953
228,174582,11',goal,43960
2431,160825,43',goal,43962
2431,160825,84',goal,43962
2431,44043,56',goal,43962
2431,56684,52',goal,43911
97410011,184312,44',goal,43924
1437,174591,49',goal,43970
1437,58070,88',goal,43970
300061478,227846,46',owngoal,43960
300061478,217313,85',goal,43960
43950052,170678,8',goal,43969
43950052,179102,90',penalty,43953
8753,158770,72',owngoal,43948
8753,155334,78',goal,43948
8753,54219,13',goal,43975
8753,44667,52',goal,43975
1088,174777,20',goal,43922
1088,57749,56',goal,43922
1088,61693,69',goal,43922
1088,61693,87',goal,43922
1088,174854,80',goal,43922
1088,174854,85',goal,43922
1088,46989,89',goal,43921
1122,174537,44',goal,43954
1122,56771,30',goal,43969
394,174342,6',penalty,43954
394,174732,34',goal,43922
300186458,344714,4',goal,43876
300186458,344714,47',goal,43876
300186458,229397,3',goal,43922
300186458,229397,45'+1,goal,43922
300186458,318688,50',goal,43922
2098,44560,7',goal,43960
2098,44560,86',goal,43960
97410007,214007,28',goal,43911
97410007,214007,76',goal,43911
97410007,218252,79',goal,43911
97410007,155851,36',goal,43817
43950005,161455,24',goal,43942
43950005,95673,59',goal,43970
1460,369227,72',goal,43924
1460,369227,86',goal,43924
1460,56999,35',goal,43969
1175,44605,40',goal,43950
1175,44788,89',goal,43950
1525,57678,13',goal,44025
97410050,162680,10',goal,43922
97410050,184291,98',goal,43922
97410050,178119,6',goal,43911
3099,63547,80',goal,43924
1948,1043,10',goal,43960
1948,1043,90',goal,43960
1948,174681,25',goal,43960
1948,44560,73',goal,43960
3076,174666,12',goal,43948
3076,174666,37',goal,43948
3076,44565,20',goal,43948
3076,174626,52',goal,43822
3076,2188,63',goal,43822
300061454,249477,55',goal,43883
300061454,178119,79',goal,43911
300186474,312868,90',goal,43924
300186474,321722,11',goal,43948
300186474,182206,23',goal,43948
300186474,275162,24',goal,43948
300186474,275162,26',goal,43948
300186474,196900,29',goal,43948
300186474,306548,69',goal,43948
300186474,306548,79',goal,43948
43950029,177771,51',goal,43819
1765,63869,18',goal,43924
1765,63880,66',goal,43924
1765,63879,71',goal,43924
1765,63891,86',goal,43924
1765,174416,37',goal,43954
750,174500,89',goal,43922
750,63650,11',goal,43924
750,63736,66',goal,43924
750,252326,75',goal,43924
896,174810,4',goal,43950
896,174810,83',goal,43950
896,56368,11',goal,43950
896,44094,23',goal,43950
896,44094,54',goal,43950
896,59088,50',goal,43950
896,69419,69',goal,43950
896,69419,72',goal,43950
896,69419,76',goal,43950
896,58660,70',goal,43950
896,56661,64',goal,43904
300331527,389867,34',goal,43946
1323,47957,2',goal,43922
1323,44545,32',goal,44023
1323,44545,79',goal,44023
1323,57776,40',goal,44023
75,55528,40',goal,43924
75,55528,63',goal,43924
75,174431,79',goal,43970
8769,123663,71',goal,43964
8769,158279,12',penalty,43888
300061507,215002,53',goal,43960
300061507,215002,68',goal,43960
300061507,194815,10',goal,43924
3060,174666,48',goal,43948
3060,50025,14',goal,43969
2221,44582,14',goal,43954
8786,163666,47',goal,43946
8786,163666,70',goal,43946
8786,155711,46',goal,43938
300186462,367388,79',goal,43946
300186462,178403,90'+2,owngoal,43946
1231,174559,39',goal,43930
1231,54212,77',goal,43930
1231,54212,85',goal,43930
1231,55844,5',goal,43970
1231,58582,40',goal,43970
8762,95664,12',penalty,43946
8762,95448,56',goal,43946
8762,44298,42',penalty,43941
3084,58455,61',goal,43936
3084,58105,90',goal,43936
300061449,225204,70',goal,43946
300061449,297811,20',goal,43883
300061449,230776,37',goal,43883
1406,174591,34',goal,43970
1406,174591,55',goal,43970
1406,44689,77',goal,43950
1955,48123,58',owngoal,44024
1955,44670,72',goal,44024
43950063,189571,9',goal,43822
43950063,179025,90'+3,goal,43822
43950063,163107,1',goal,43972
43950063,186677,13',goal,43972
43950063,186677,32',goal,43972
300186469,321722,55',goal,43948
97410036,4332,25',owngoal,43928
97410036,182783,86',goal,43928
300186486,270775,39',goal,43930
300186486,270775,85',goal,43930
300186486,196842,75',goal,43942
1390,44644,32',goal,43970
1390,174576,81',goal,43970
1390,174591,88',goal,43970
1390,57659,24',goal,44023
29,174779,62',goal,43922
29,174366,68',goal,43964
8735,158770,73',goal,43975
43950034,4108,20',penalty,43879
43950034,185142,26',goal,43879
43950034,185142,38',goal,43879
43950034,185368,45',goal,43930
43950034,189259,69',goal,43930
43950034,158435,88',penalty,43930
97410061,230756,119',goal,43954
97410061,155963,120'+1,goal,43954
1152,63829,30',goal,43924
1152,174799,65',penalty,44025
537,174708,9',goal,43942
537,174708,14',goal,43942
537,174708,34',goal,43942
1447,49203,4',goal,43922
921,44679,40',goal,43962
921,53454,44',goal,43962
921,52583,46',goal,43962
921,49971,13',goal,43946
921,48030,72',goal,43946
43950022,170678,53',goal,43969
43950022,170678,69',goal,43969
43950022,174605,83',penalty,43969
43950022,177914,10',owngoal,43928
1294,174886,12',goal,43950
1294,174886,89',goal,43950
1294,174690,18',goal,43950
1294,174669,24',goal,43950
1294,174669,36',goal,43950
1294,174669,50',goal,43950
1294,174485,59',goal,43950
1294,55850,75',goal,43950
1294,55850,83',goal,43950
300340183,370456,5',goal,1902465
300340183,311558,52',goal,43971
300340183,321653,90',goal,43971
3092,77275,18',penalty,43911
3092,58455,6',goal,43936
1105,52908,1',goal,43948
1105,52908,42',goal,43948
1105,47914,27',goal,43948
1105,51009,28',goal,43934
1105,44631,54',goal,43934
8774,155979,18',goal,43954
2396,44582,34',goal,43954
2396,174398,36',goal,43954
2396,174389,60',goal,43954
2396,59086,81',penalty,43950
97410020,169551,89',goal,43970
1386,29875,24',goal,43946
1386,29875,30',goal,43946
1386,29875,67',goal,43946
1386,174861,52',goal,43946
1386,44760,61',goal,43946
1386,174677,70',goal,43946
1386,61704,83',goal,43946
1386,45517,20',goal,43928
1386,45517,44',penalty,43928
1386,57103,50',goal,43928
2247,63908,64',goal,43924
2247,63751,72',goal,43924
2247,174462,38',goal,43954
1191,45005,4',goal,43924
1191,63844,69',goal,43924
2181,174515,46',goal,43970
2181,174515,77',goal,43970
2181,57506,74',goal,43970
300331516,270775,10',goal,43930
300331516,358883,23',owngoal,43930
300331516,267834,90',goal,43930
3051,44766,44',goal,43921
3051,46931,39',goal,43971
300061473,170667,65',penalty,43849
300061473,217315,36',goal,43960
300061473,184615,83',goal,43960
1596,63869,15',goal,43924
1596,63868,63',goal,43924
8758,156732,23',goal,43872
8758,156732,85',goal,43872
8758,156741,46',goal,43872
1129,50950,60',goal,43948
1129,50950,63',goal,43948
1129,48779,82',goal,43970
1650,50708,62',goal,43946
1650,174134,48',goal,43911
1345,63869,66',goal,43924
300186453,187258,11',goal,43938
300186453,359381,48',goal,43938
300186453,375518,61',goal,43938
300186453,375518,73',goal,43938
300061465,187539,79',goal,43968
1095,59596,3',goal,43925
1095,59596,65',goal,43925
1095,57131,51',owngoal,43925
1996,174414,75',goal,43936
1996,56020,87',goal,43930
300186500,214876,44',goal,43901
389,44707,3',goal,43922
389,174440,76',goal,43922
2085,174694,17',goal,43962
2085,174694,87',goal,43962
2085,44043,18',goal,43962
2085,44679,30',goal,43962
2085,44679,34',goal,43962
2085,44679,50',goal,43962
2085,174569,31',goal,43962
1187,45005,30',goal,43924
1187,45005,79',goal,43924
1187,63846,65',goal,43924
1187,63850,71',goal,43924
2251,63751,15',goal,43924
2251,63751,28',goal,43924
2251,63650,73',penalty,43924
2197,174840,45',penalty,43922
2197,174722,73',goal,43922
2197,28528,60',goal,43946
1304,58524,10',goal,43972
1304,58524,30',goal,43972
1304,52892,18',goal,43972
1304,47074,37',goal,43972
1304,47074,64',goal,43972
1304,47074,70',goal,43972
1304,49105,76',goal,43972
300331500,330659,90'+3',penalty,43817
300331500,189810,45',goal,43963
300186465,229499,81',goal,43930
1373,174630,68',goal,44026
1236,56458,33',goal,43934
3088,174512,11',goal,43964
3088,174512,18',goal,43964
3088,2354,58',goal,43964
3088,75952,16',penalty,43922
3088,174364,75',goal,43922
300061500,185324,35',goal,43924
300061500,200158,38',goal,43924
300061500,194815,59',goal,43924
3067,63547,39',goal,43924
3067,92624,66',goal,43924
3067,96461,73',goal,43924
1774,53015,20',goal,44023
1774,174790,27',goal,44023
1774,174790,52',penalty,44023
1774,174790,88',goal,44023
1774,57776,70',goal,44023
1774,55162,12',goal,43936
1774,26237,89',goal,43936
741,44587,67',goal,44023
741,53379,54',goal,43843
741,43897,68',goal,43843
1324,47957,38',penalty,43922
1324,54112,55',goal,43922
1324,45952,59',goal,43922
1324,53996,3',goal,43952
8739,157403,45'+1,goal,43964
25,174454,81',goal,43922
468,95450,79',goal,43946
1332,174630,15',goal,44026
1332,182129,63',goal,44026
1277,174669,21',goal,43950
1277,174669,3',goal,43950
1277,174669,69',goal,43950
1277,174669,78',goal,43950
1277,174886,17',goal,43950
1277,174603,52',goal,43950
1277,174603,54',goal,43950
1277,229609,75',goal,43950
1277,56221,25',goal,44023
1277,44545,77',goal,44023
1277,50849,84',goal,44023
300186473,228627,12',goal,43925
300186473,202655,14',goal,43925
300186473,209502,90'+2,goal,43925
300186473,213001,35',goal,43976
8778,77376,38',goal,43960
8778,160385,90'+2,goal,43960
8778,170749,48',goal,43975
1559,51753,48',goal,44025
1559,57678,80',goal,44025
1559,57678,84',penalty,44025
1559,51536,69',goal,43975
3071,174454,21',goal,43922
3071,174454,28',goal,43922
3071,57981,8',goal,43876
429,47133,50',goal,43928
429,47133,76',goal,43928
429,44728,30',goal,43935
429,59586,59',goal,43935
97410057,182206,80',goal,43948
97410057,153933,49',goal,43922
901,168801,65',penalty,43969
901,60317,7',goal,43909
43950002,179619,52',goal,43953
43950002,154626,39',goal,43849
1172,174679,93',goal,44025
1172,60322,111',goal,44025
1172,174799,118',goal,44025
517,174520,57',goal,43941
393,174434,23',goal,43922
393,44707,56',goal,43922
393,174440,84',goal,43922
393,44587,74',goal,44023
393,44739,81',goal,44023
43950055,177734,12',goal,43972
300061490,181406,55',goal,43924
300061490,202076,72',goal,43924
300061490,210106,89',goal,43821
8754,158471,87',goal,43921
8754,94088,41',goal,43817
8754,155853,83',goal,43817
48,174815,49',goal,43934
48,44578,63',goal,43934
48,174792,83',goal,43921
813,44587,57',goal,44023
813,44587,66',goal,44023
813,44587,9',goal,44023
813,56785,83',goal,44023
813,54559,90',goal,43925
2066,174428,39',goal,44023
2066,174790,82',goal,44023
97410016,176953,23',goal,43888
97410016,158268,90'+2,goal,43888
97410016,210439,57',goal,43835
97410016,77503,84',goal,43835
300061469,208353,25',penalty,43860
300061469,182606,11',goal,43976
1426,55962,20',goal,43928
1426,45056,49',goal,43928
1426,57103,80',goal,43928
1426,55467,12',goal,43975
1426,59577,29',goal,43975
1426,56618,73',goal,43975
43950043,185038,34',goal,43911
43950043,155963,85',goal,43954
8742,92699,9',goal,43924
8742,170691,45'+2,goal,43924
8742,96461,50',goal,43924
1133,52146,43',goal,43971
1133,52146,7',goal,43971
1133,174322,66',goal,43971
1133,58166,29',goal,43960
1133,59550,69',goal,43960
300061486,198106,14',goal,43854
300061486,198111,20',goal,43854
300061486,216970,82',goal,43854
1099,47398,60',goal,43930
1563,182129,51',goal,44026
1563,56380,83',goal,44026
782,160825,26',goal,43962
782,160825,4',goal,43962
782,160825,53',goal,43962
628,57097,35',goal,43928
97410041,184451,26',goal,43954
97410041,155969,87',goal,43954
43950014,174626,26',goal,43822
43950014,156242,53',goal,43822
1922,50192,90',goal,43970
444,63627,30',penalty,43924
444,63548,55',goal,43924
444,179502,79',goal,43924
444,55528,83',penalty,43924
1471,58681,21',penalty,44023
1471,57776,82',goal,44023
1164,174474,9',goal,43954
1164,174862,51',goal,43954
1164,174862,72',goal,43954
1164,50742,10',goal,43946
151,174661,58',goal,43960
151,174321,83',penalty,43855
43950015,178833,59',goal,43965
43950015,77516,64',penalty,43965
1470,174330,1',goal,43950
1470,174330,53',goal,43950
1470,174330,6',goal,43950
1470,44689,70',goal,43950
1470,44689,8',goal,43950
1470,58243,12',goal,43950
1470,58211,64',goal,43936
1165,174322,43',goal,43971
1165,49822,29',goal,43948
150,44764,58',goal,43942
783,55462,48',goal,44026
97410040,159284,75',goal,43817
97410040,176991,60',goal,43844
2175,174645,88',goal,43967
2175,51873,81',goal,43975
300353632,368655,89',goal,43930
300061468,305036,60',goal,43948
43950042,166347,6',goal,43972
43950042,167060,9',goal,43972
43950042,177734,85',goal,43972
8743,154557,70',goal,43925
8743,154102,90'+2,goal,43934
300061487,210214,29',goal,43963
300061487,179159,53',goal,43963
300061487,214410,56',goal,43963
300061487,187199,60',goal,43963
300061487,187199,89',goal,43963
300061487,313541,81',goal,43963
300061487,201200,87',goal,43963
1098,48467,1',goal,43964
1098,58384,79',goal,43964
1098,52463,89',goal,43964
1098,58313,75',goal,43929
1562,53537,38',goal,44026
1562,182129,89',goal,44026
1562,57281,54',goal,43930
2067,174796,7',goal,43960
2067,44559,59',goal,43960
97410017,179558,90'+1,goal,43948
43950054,170691,67',goal,43924
43950054,92699,87',goal,43924
300061491,181603,47',goal,43925
300061491,229884,24',goal,43969
300061491,183857,37',goal,43969
111,174883,20',goal,44026
111,44783,29',goal,44026
111,44775,52',goal,44026
111,174504,63',goal,44026
8755,170713,82',goal,43926
392,174732,51',goal,43922
392,174732,55',goal,43922
392,174708,81',goal,43942
97410001,196748,6',goal,43948
97410001,182206,17',goal,43948
97410001,182206,61',goal,43948
97410001,182207,87',goal,43948
97410001,154799,12',goal,43901
97410001,154799,73',goal,43901
900,174711,50',goal,44023
900,44107,75',goal,44023
900,60272,82',goal,43969
43950003,4388,47',goal,43930
43950003,154949,45',goal,43941
43950003,154949,83',goal,43941
1173,52327,13',goal,43950
1173,59017,15',goal,43950
1173,44605,28',goal,43950
1173,44605,89',goal,43950
1173,44788,35',goal,43950
1173,44788,76',goal,43950
97410056,229884,28',penalty,43969
97410056,248373,41',goal,43946
97410056,170707,83',goal,43946
97410056,163331,90'+2,goal,43946
8779,75952,5',penalty,43922
8779,153980,45'+1,goal,43922
8779,95571,9',penalty,43942
8779,170722,16',goal,43942
994,174477,18',goal,43954
994,48535,83',goal,43929
1108,52297,25',goal,43948
1108,58001,49',goal,43948
1108,47914,66',goal,43948
1108,47914,70',goal,43948
1108,47914,87',goal,43948
1108,59711,29',goal,43935
1108,59711,43',goal,43935
3070,77503,7',penalty,43835
3070,92775,45',goal,43835
3070,47461,26',goal,43872
300061452,189259,24',goal,43930
300061452,189259,80',penalty,43930
300061452,229502,90'+5,goal,43930
428,44723,45',goal,43935
428,56535,23',goal,43911
428,174153,39',goal,43911
701,44647,68',goal,43962
300186472,320375,26',goal,43849
300186472,314197,17',goal,43924
300186472,314197,35',goal,43924
300186472,233952,49',goal,43924
300186472,208016,84',goal,43924
1919,55013,52',goal,43964
1919,174511,75',penalty,43964
1919,56196,5',goal,44025
300331537,336435,13',penalty,43946
300331537,411471,57',goal,43946
300331537,389867,64',goal,43946
300331537,389867,68',goal,43946
300331537,266800,41',goal,43922
300331537,266796,48',goal,43922
300331537,228528,90'+3',goal,43922
1276,174770,15',goal,43975
243,44611,38',goal,43954
8738,155355,10',goal,43948
8738,174666,67',goal,43948
1149,174474,51',goal,43954
1149,174761,60',penalty,43954
1149,63836,87',goal,43924
43950039,170650,31',goal,43883
43950039,93410,53',goal,43883
43950039,155148,4',goal,43969
43950039,155148,56',goal,43969
43950039,168776,45'+1,goal,43969
740,45875,31',goal,43843
740,45875,7',goal,43843
740,46465,35',goal,43843
740,55032,59',penalty,43925
740,52964,73',goal,43925
1325,48813,8',goal,44025
1325,60355,17',goal,44025
1325,60355,40',goal,44025
1325,49393,69',goal,44025
1325,51038,82',goal,44025
1325,51038,89',goal,44025
1325,47957,65',penalty,43922
300331521,362727,36',goal,43924
300331521,289964,68',goal,43924
3089,77376,11',goal,43960
3089,77409,41',goal,43960
300061501,182206,20',goal,43948
300061501,196789,32',goal,43948
300061501,321722,67',goal,43948
300061501,321722,70',goal,43948
300061501,195763,37',goal,43942
73,63524,33',goal,43924
828,174574,60',goal,43954
828,53311,61',goal,43849
8780,155711,45'+2,penalty,43938
3066,77278,42',goal,43911
3066,77278,65',goal,43911
3066,174333,84',goal,43953
300186464,300409,23',goal,44037
300186464,299198,59',goal,44037
300186464,359997,83',goal,44037
300186464,362641,82',goal,43817
1372,37158,13',goal,44026
1372,51336,55',goal,44026
1372,52071,66',goal,43942
1372,49427,85',penalty,43942
1237,59761,25',goal,43934
1237,59761,27',goal,43934
1237,59761,53',goal,43934
1237,52394,26',goal,43934
1237,52394,34',goal,43934
1237,174813,32',goal,43934
1237,56458,76',goal,43934
1237,174370,16',goal,43971
1237,174370,39',goal,43971
1237,51087,17',goal,43971
1237,51087,19',goal,43971
1237,51087,60',goal,43971
1610,56397,28',goal,44026
1610,56397,85',goal,44026
1610,53632,32',goal,43925
1240,46963,26',goal,43942
1240,46963,63',goal,43942
1240,53136,36',goal,43942
1240,53136,91',goal,43942
1240,45671,5',goal,43935
1240,45671,71',goal,43935
1240,47955,67',goal,43935
1240,48545,94',owngoal,43935
300331501,352394,48',goal,43948
300331501,275162,90'+5',goal,43948
300331501,300255,32',goal,43970
1186,55964,15',owngoal,43924
1186,63846,21',goal,43924
1186,63847,31',goal,43924
1186,63847,55',goal,43924
1186,45005,57',goal,43924
1186,63844,67',goal,43924
1186,51194,71',goal,43969
43950019,170667,66',goal,43849
300186501,309316,113',goal,43948
388,174732,51',goal,43922
388,174732,63',goal,43922
1702,39547,27',goal,43963
1702,39547,43',penalty,43963
1702,39547,56',goal,43963
1702,39547,59',penalty,43963
1702,174360,80',goal,43963
1702,55826,1',goal,43821
1702,52997,22',goal,43821
1702,60119,25',goal,43821
1094,58531,65',goal,43925
3103,174431,8',goal,43970
3103,95668,30',goal,43970
3103,77995,37',goal,43970
3103,157927,40',goal,43970
1344,63866,3',goal,43924
1344,63866,77',goal,43924
300186452,359381,87',goal,43938
300186452,178119,72',goal,43911
300186452,251352,75',goal,43911
300186452,228599,82',goal,43911
300331540,308366,90'+1',goal,43924
300331540,314197,90'+7',goal,43924
3050,44594,51',goal,43969
3050,50025,55',goal,43969
3050,2188,85',goal,43822
3050,77942,90',goal,43822
1597,174388,2',goal,43950
1597,49270,64',goal,43950
1597,61644,73',penalty,43950
1597,63881,14',goal,43924
43950058,177667,39',goal,43948
8759,96461,78',goal,43924
8759,156982,83',goal,43961
8759,56798,89',penalty,43961
1578,45828,65',goal,43922
1578,45828,79',goal,43922
1578,63875,71',goal,43969
263,44611,9',goal,43954
263,174363,78',goal,43954
1313,46791,17',goal,43930
1313,46791,47',goal,43930
1313,46791,57',goal,43930
1313,54212,30',goal,43930
1313,54212,83',goal,43930
1313,43802,54',goal,43930
1313,43802,85',goal,43930
1893,174483,65',goal,43929
1893,174483,75',goal,43929
1893,47480,67',goal,43929
1190,44609,66',goal,43930
1190,174559,79',goal,43930
1190,49608,47',goal,43924
97410021,184291,41',goal,43922
97410021,184291,6',goal,43922
97410021,183574,31',goal,43922
97410021,162680,78',goal,43922
97410021,182373,84',goal,43922
97410021,229397,88',goal,43922
1387,174677,22',goal,43946
1387,29875,44',goal,43946
1387,46087,66',goal,43967
300186491,269058,28',goal,43926
300186491,269058,50',goal,43926
1104,44642,44',goal,43934
1104,44608,93',goal,43934
1104,174400,109',goal,43934
1104,55121,18',goal,43946
1104,59574,116',penalty,43946
8775,156902,77',goal,43876
8775,95261,3',goal,43941
8775,52802,12',goal,43941
8775,171139,58',goal,43941
8775,154928,76',goal,43941
1295,174485,12',goal,43950
1295,174603,47',goal,43950
1295,174669,109',goal,43950
1295,174669,116',goal,43950
1295,50957,75',goal,43930
1295,50957,86',goal,43930
1780,174552,50',goal,43929
1780,47758,55',goal,43929
1780,174483,73',goal,43929
1780,48445,13',goal,43936
1780,174414,49',goal,43936
1153,63829,57',goal,43924
1153,56956,63',goal,43924
1153,174678,25',goal,44025
536,174708,31',goal,43942
536,174708,72',goal,43942
536,174384,56',goal,43942
920,174563,33',goal,43946
920,174563,80',goal,43946
920,44577,46',goal,43946
920,44577,68',goal,43946
920,45793,75',goal,43952
43950023,161454,44',penalty,43942
97410060,170711,57',goal,43946
1283,57659,14',goal,44023
1283,52280,52',goal,44023
1283,59793,60',goal,44023
1283,174784,84',goal,44023
1283,58524,2',goal,43972
1779,60309,40',goal,43936
1779,69831,61',goal,43872
8734,75952,28',goal,43922
28,44611,17',goal,43954
28,174454,67',goal,43922
43950035,155336,50',goal,43948
43950035,182206,79',goal,43948
1450,49497,17',penalty,43942
1450,43993,42',goal,43942
1450,174575,67',goal,43942
1450,57526,81',goal,43922
300186468,269058,64',goal,43926
300186468,356704,70',goal,43926
300186468,290186,73',goal,43854
300186487,271043,18',goal,43924
300186487,228627,32',goal,43925
1391,57659,59',goal,44023
1391,44545,70',goal,44023
1391,48813,24',penalty,44025
1391,60355,43',goal,44025
1811,25113,68',goal,44023
1811,57776,82',goal,44023
1811,174790,108',goal,44023
1811,54712,31',goal,43942
1811,174852,49',goal,43942
8763,156922,11',goal,43876
8763,162008,1',goal,43928
8763,162752,58',goal,43928
8763,162010,86',goal,43928
127,174463,49',goal,43901
3085,44739,40',goal,43948
3085,44739,6',goal,43948
3085,174666,11',goal,43948
3085,166579,8',goal,43935
3085,174331,90',goal,43935
1407,43940,5',goal,43950
1407,43991,27',goal,43974
432,174386,27',goal,44026
432,174386,70',goal,44026
432,174386,111',penalty,44026
432,44619,56',goal,43935
432,43988,77',goal,43935
432,44042,102',goal,43935
432,44006,110',goal,43935
1954,174828,12',goal,44023
1954,48110,34',goal,44023
1954,174790,53',goal,44023
43950062,92699,49',goal,43924
300331502,386337,35',goal,43911
1243,55865,41',penalty,43954
1243,49719,48',goal,43954
1243,44119,58',goal,43954
1243,174716,78',goal,43954
1243,45671,81',goal,43935
1490,44689,17',goal,43950
1490,174330,71',goal,43950
1490,49497,60',penalty,43942
919,174554,31',goal,43946
919,28528,43',goal,43946
919,58116,48',goal,43946
919,174423,89',goal,43946
919,45189,75',goal,43823
2253,58120,37',goal,43970
2253,63748,45',goal,43924
1185,54212,14',goal,43930
1185,54212,40',goal,43930
1185,54212,51',goal,43930
1185,44733,18',goal,43930
1185,44609,23',goal,43930
1185,44609,54',goal,43930
1185,56123,83',goal,43930
1185,174559,87',goal,43930
364,44677,5',goal,43975
364,174834,46',goal,43975
364,174834,9',goal,43975
364,174882,90',goal,43975
364,94432,22',goal,43840
97410018,187434,8',goal,43927
97410018,155011,54',goal,43927
97410018,3508,90'+2,goal,43927
300186502,217315,3',penalty,43960
300186502,319432,17',goal,43960
300186502,319438,90'+1,goal,43960
300111112,216650,52',goal,43971
1097,55992,10',goal,43921
1097,55992,15',goal,43921
1097,55992,50',goal,43921
300061488,200158,25',goal,43924
300061488,200158,50',goal,43924
300061488,202076,62',goal,43924
300061488,212306,79',goal,43854
3100,58455,44',penalty,43936
3100,174363,21',goal,43954
3100,174363,25',goal,43954
108,79318,76',goal,43849
108,79318,86',goal,43849
108,174366,88',goal,43964
1582,45828,53',goal,43922
1582,55600,81',goal,43922
300061467,213001,69',goal,43976
300061467,182606,73',goal,43976
300061467,217019,84',goal,1902465
4000,3242,5',goal,43924
4000,95055,74',owngoal,43924
4000,95068,38',penalty,43967
300186514,216646,81',goal,43971
300186514,311558,87',goal,43971
300186514,358015,17',goal,43946
300186514,358014,18',goal,43946
300186514,297106,40',goal,43946
300186514,297103,67',goal,43946
300186514,317056,73',goal,43946
1202,49674,38',goal,43921
1982,63896,60',goal,43924
300061471,208353,85',penalty,43860
3053,76774,43',goal,43926
3053,44543,15',goal,43964
3053,44543,89',goal,43964
3053,2354,34',goal,43964
1193,46285,17',goal,43969
1193,60291,30',goal,43969
300186492,227851,61',goal,43911
97410022,217315,23',goal,43960
97410022,183576,27',goal,43960
97410022,211352,38',goal,43854
427,200785,59',goal,43818
427,44619,16',goal,43935
427,44006,21',penalty,43935
8776,46662,114',goal,43946
3090,96461,72',goal,43924
1107,174579,19',goal,43954
923,44582,57',goal,43954
923,44684,69',goal,43954
923,174342,81',goal,43954
923,174428,83',goal,44023
43950020,154949,16',penalty,43941
43950020,182157,52',goal,43879
889,49571,62',goal,43942
889,46236,66',owngoal,43942
1150,63829,104',goal,43924
1150,63829,18',goal,43924
1150,63829,93',goal,43924
1150,63836,25',goal,43924
1150,56091,44',goal,43924
1150,56091,71',goal,43924
1150,58666,23',penalty,43962
1150,44754,118',goal,43962
1150,44754,53',goal,43962
1150,44754,59',goal,43962
1150,44754,89',goal,43962
97410063,196752,56',goal,43948
97410063,196752,78',goal,43948
97410063,182197,60',owngoal,43948
97410063,165260,88',goal,43963
43950036,179102,7',goal,43953
43950036,155818,61',goal,43953
43950036,179104,87',goal,43953
1146,59523,1',goal,43946
1146,55121,16',goal,43946
1146,55121,69',goal,43946
1146,51297,38',goal,43935
1392,44545,12',goal,44023
1238,44666,3',goal,43934
1238,44666,65',goal,43934
1238,56458,21',goal,43934
1238,56458,24',goal,43934
1238,56458,4',goal,43934
97410034,170167,25',goal,43901
97410034,216135,33',goal,43962
97410034,216135,66',goal,43962
348,44672,86',goal,43970
348,174747,11',goal,43967
348,174642,81',penalty,43967
962,56207,88',penalty,43975
43950061,177667,75',goal,43948
1054,49828,24',goal,44026
1054,174409,48',goal,44026
1054,46145,68',goal,44026
3069,174331,65',goal,43935
1111,51276,18',penalty,43969
1111,51276,25',goal,43969
1111,52723,29',goal,43969
1111,63829,55',goal,43924
3086,174605,15',goal,43969
3086,77892,74',goal,43969
3086,46358,86',penalty,43969
574,174742,88',goal,44023
1812,174623,65',goal,43942
8760,154559,20',goal,43925
8760,154626,56',goal,43849
1166,59783,42',goal,43971
1166,46574,64',goal,43971
1166,174322,75',goal,43971
1166,174322,78',goal,43971
1166,291616,8',goal,43948
1166,53131,22',owngoal,43948
1189,45005,17',goal,43924
1189,45005,36',goal,43924
1189,45005,52',goal,43924
1189,45005,58',goal,43924
1189,63847,39',goal,43924
1189,63847,88',goal,43924
1189,63849,85',goal,43924
1189,45607,67',penalty,43970
1473,44596,44',goal,43925
1473,44596,55',goal,43925
1473,56653,51',goal,43925
1473,60065,6',goal,43971
43950016,178412,4',goal,43921
43950016,160555,29',owngoal,43921
43950016,158471,36',goal,43921
43950016,159294,39',goal,43963
43950016,158451,71',owngoal,43963
97410043,211976,34',goal,43819
97410043,92699,45'+1,goal,43924
97410043,92699,81',goal,43924
97410043,176530,53',goal,43924
97410043,176534,59',goal,43924
2176,53200,26',goal,43967
2176,174645,34',goal,43967
2199,174722,15',goal,43922
2199,174395,83',goal,43922
2199,48090,10',goal,43950
300061484,209119,63',goal,43954
300061484,313535,39',goal,43928
8740,95571,42',goal,43942
8740,155117,89',goal,43942
43950041,154799,39',goal,43901
43950041,170167,56',goal,43901
43950041,92699,10',goal,43924
43950041,92699,13',goal,43924
43950041,178116,38',goal,43924
43950041,170691,62',goal,43924
43950041,178112,64',goal,43924
3049,174666,61',goal,43948
97410014,178469,54',goal,43822
97410014,156216,72',goal,43822
97410014,158048,31',goal,43887
1218,47284,12',goal,43954
1218,55865,63',goal,43954
2064,174790,76',goal,44023
8756,123663,46',goal,43964
8756,56197,90',goal,43964
8756,170722,81',goal,43942
1577,174623,78',goal,43942
1598,58057,15',goal,43963
1598,39547,27',goal,43963
1598,39547,85',goal,43963
1598,63885,73',goal,43924
43950057,170722,23',goal,43942
43950057,170691,45'+2,goal,43924
43950057,3243,50',goal,43924
97410002,187434,24',goal,43927
97410002,155011,80',goal,43927
903,63577,14',penalty,43969
903,57627,66',goal,43969
903,50281,10',goal,43975
97410055,92699,5',goal,43924
97410055,175683,45'+1,goal,43924
97410055,170687,84',goal,43924
300331518,321716,7',goal,43941
300331518,197514,38',penalty,43976
779,48143,76',goal,43935
779,59460,27',goal,43950
1609,55826,88',goal,43821
1609,53632,26',penalty,43925
300061451,228599,64',goal,43911
300061451,162580,79',penalty,43911
3073,56197,18',goal,43964
66,174473,15',goal,43935
66,44619,24',goal,43935
66,43988,47',goal,43935
66,174390,73',goal,43930
1388,56175,16',goal,43975
1388,59577,63',goal,43975
1388,59577,88',goal,43975
1388,29875,4',goal,43946
1388,29875,85',goal,43946
1222,46042,10',goal,43971
1222,174351,44',goal,43971
1222,69786,89',goal,43911
300186471,200213,5',goal,43926
300186471,309716,58',goal,43926
300186471,269058,90'+3,goal,43926
1275,61704,19',goal,43946
1275,61589,46',owngoal,43946
1275,174677,88',penalty,43946
1275,52703,54',goal,43911
1275,46122,85',goal,43911
610,60106,2',goal,44026
610,174334,4',goal,44026
610,174386,24',penalty,44026
610,44768,66',goal,44026
610,48188,73',owngoal,44026
610,56993,80',goal,44026
300331534,216646,31',goal,43971
300331534,356399,88',goal,43971
300331534,236536,56',goal,43901
300331534,319460,90'+3',owngoal,43901
27,174427,85',penalty,44023
1633,174623,101',goal,43942
1633,174623,120',goal,43942
1633,174623,18',goal,43942
1633,174852,78',goal,43942
1633,174590,12',goal,44023
1633,44749,89',goal,44023
1263,54702,43',goal,43942
1263,70047,69',goal,43942
1326,174341,38',goal,43924
1326,174341,89',goal,43924
1326,44604,49',goal,43924
1408,174336,55',goal,43974
1408,54016,76',goal,43974
1408,44689,33',goal,43950
2224,52483,42',penalty,43934
8783,174637,45'+3,goal,43938
8783,155713,80',goal,43938
8783,155711,85',goal,43938
300061502,182373,26',goal,43922
300061502,182373,52',goal,43922
300061502,271550,33',goal,43922
300061502,228599,71',goal,43911
128,95459,32',goal,43970
128,174544,75',goal,43901
128,174762,87',goal,43901
201,174742,28',goal,44023
201,174742,64',goal,44023
201,174666,39',goal,44023
201,44739,70',goal,44023
201,44241,55',goal,43975
300186467,229884,36',goal,43969
300186467,183864,69',goal,43969
300186467,267811,82',goal,43969
97410038,176984,37',penalty,43854
97410038,176984,67',goal,43854
97410038,177615,86',penalty,43854
97410038,216929,10',goal,1890244
97410038,298690,20',goal,1890244
300186489,267834,24',penalty,43930
300186489,307529,54',goal,43901
300186489,312987,57',goal,43901
300186489,270144,84',goal,43901
300186466,229397,90'+1,goal,43922
97410039,214964,6',goal,43963
97410039,179159,24',penalty,43963
97410039,214012,29',goal,43911
3064,77240,69',goal,43954
8782,96461,10',goal,43924
8782,170691,25',goal,43924
8782,170691,59',goal,43924
8782,168837,2',goal,43941
8782,52802,50',goal,43941
300061503,175507,62',penalty,43921
300061503,196897,5',goal,43860
300061503,208353,93',goal,43860
129,44645,12',goal,44025
129,44645,63',goal,44025
129,44645,82',goal,44025
129,174683,76',goal,44025
129,94770,55',goal,43901
1632,174622,38',goal,43942
1632,174622,75',goal,43942
300331523,395531,32',owngoal,43938
300331523,241559,71',penalty,43938
1327,50717,56',goal,43942
1327,52071,73',goal,43942
1327,52347,16',goal,43934
1327,52394,70',goal,43934
26,174820,67',goal,43849
2337,45845,75',goal,43969
30,44704,27',goal,43922
30,174440,79',goal,43922
538,63677,75',goal,43963
1389,44545,20',goal,44023
1389,57776,79',goal,44023
1389,53996,19',goal,43952
1389,53996,60',goal,43952
300186470,319436,77',goal,43960
300186470,336098,90'+2,goal,43960
300061450,270775,43',goal,43930
3072,58455,5',penalty,43936
3072,58455,55',penalty,43936
3072,52856,65',goal,43936
3072,81634,90',goal,43936
580,44739,22',goal,44023
580,174339,50',goal,44023
580,58474,18',goal,43967
996,44582,22',goal,43954
996,44582,73',goal,43954
300331519,274090,51',penalty,43876
300331519,229397,14',goal,43922
300331519,318688,86',goal,43922
1608,174745,8',goal,43954
1608,174377,88',goal,43954
902,45793,47',goal,43952
43950001,185142,30',goal,43879
97410003,94915,2',owngoal,43942
8757,155979,48',goal,43954
8757,174363,90',goal,43954
8757,174602,90'+2,penalty,43934
300061493,201785,75',goal,43925
1599,48261,43',owngoal,43950
1599,61644,45',goal,43950
1599,174388,54',goal,43950
1599,174357,15',goal,43936
43950056,177806,88',goal,43822
43950056,156216,117',goal,43822
43950056,155979,18',goal,43954
97410015,207528,13',goal,43969
97410015,229884,17',goal,43969
97410015,229884,48',penalty,43969
97410015,183864,81',goal,43969
739,44607,55',goal,43934
739,52483,67',goal,43934
1219,51531,25',goal,43970
1219,51531,69',goal,43970
1219,45607,34',goal,43970
1219,47284,7',goal,43954
1219,54647,78',goal,43954
2065,174828,51',goal,44023
2065,174415,52',goal,44023
2065,174573,76',goal,44023
2065,174612,89',penalty,44023
2065,174515,24',goal,43970
2065,57506,53',goal,43970
1130,174799,21',goal,44025
1130,174799,69',goal,44025
1130,174799,80',goal,44025
1130,55223,62',goal,43948
8741,157525,66',goal,43967
8741,156980,46',goal,43961
43950040,177700,45'+1,goal,43968
43950040,182783,65',goal,43928
43950040,182783,84',goal,43928
43950040,162013,73',goal,43928
97410042,235367,22',goal,43860
97410042,155382,45'+2,penalty,43860
97410042,207851,43',goal,43921
2198,174658,105',goal,43922
2198,174658,38',goal,43922
2198,174395,115',goal,43922
2198,54939,82',goal,43960
1188,69792,3',goal,43924
1188,63850,32',goal,43924
1188,49289,17',goal,43971
1188,49289,88',goal,43971
1472,56653,73',goal,43925
1472,59050,87',goal,43925
43950017,182206,19',goal,43948
43950017,179102,90'+2,goal,43953
914,174711,17',goal,44023
914,44587,102',goal,44023
914,44107,108',goal,44023
914,28528,26',penalty,43946
914,44701,92',goal,43946
914,174563,98',goal,43946
43950060,186677,4',goal,43972
3068,174431,37',penalty,43970
3068,48179,59',goal,43970
3068,48179,81',goal,43970
3068,95648,4',penalty,43965
1055,44647,55',goal,43962
1055,174694,58',goal,43962
1055,160825,61',goal,43962
1055,47055,68',goal,43962
1055,47789,76',goal,43962
1055,52634,83',goal,43929
3087,94332,85',goal,43835
3087,48179,6',goal,43970
3087,157927,51',goal,43970
3087,157927,88',goal,43970
1813,47813,50',penalty,43942
8761,174605,6',penalty,43969
8761,77892,18',goal,43969
8761,170678,55',goal,43969
8761,170678,81',goal,43969
8761,159282,88',owngoal,43969
8761,155142,90'+4,goal,43969
8761,52406,58',goal,43936
300186485,311150,13',goal,43948
1239,44666,16',penalty,43934
1239,48082,59',owngoal,43934
1239,174813,79',goal,43934
1239,50957,22',goal,43930
97410035,177703,51',goal,43970
97410035,77995,90',goal,43970
97410035,179662,34',goal,43942
97410035,214961,85',goal,43942
43950037,179023,59',goal,43970
43950037,162680,88',goal,43922
8736,159346,45',goal,43910
8736,159172,27',goal,43938
8736,174882,53',goal,43938
8736,155711,69',goal,43938
522,174520,11',goal,43941
522,174520,67',goal,43941
522,174520,80',goal,43941
522,52953,41',goal,43941
522,44298,52',goal,43941
522,55555,88',goal,43941
522,189880,45',penalty,43930
97410062,163331,33',penalty,43946
922,58116,66',goal,43946
922,174835,84',penalty,44025
43950021,77995,35',goal,43970
43950021,77995,63',penalty,43970
43950021,178390,27',goal,43876
1151,63836,44',goal,43924
1151,63829,63',goal,43924
1151,63829,74',goal,43924
1151,56091,80',goal,43924
1151,51569,28',goal,43970
1151,55350,38',goal,43970
1278,174784,10',goal,44023
1278,44545,18',goal,44023
1278,44545,84',goal,44023
1278,174886,6',goal,43950
1278,174485,8',goal,43950
2004,174914,69',goal,43925
2004,50945,55',goal,44024
2454,174694,43',goal,43962
300331539,358114,47',goal,43935
300331539,358112,69',goal,43935
300331539,358112,75',goal,43935
2395,174486,44',goal,43967
2395,49863,47',penalty,43967
2395,49863,68',goal,43967
2395,44559,34',penalty,43960
2395,44560,71',goal,43960
8777,174666,74',goal,43948
8777,155334,86',goal,43948
8777,170333,47',goal,43911
3091,93859,25',goal,43876
3091,174363,102',penalty,43954
3091,174363,88',goal,43954
1106,51009,8',goal,43934
1106,60365,51',goal,43934
1106,44605,60',penalty,43950
300186493,309316,51',goal,43948
300186493,182206,71',goal,43948
300186493,294620,54',goal,43860
300186493,208353,63',goal,43860
1385,44760,44',goal,43946
1385,29875,55',goal,43946
1385,29875,63',goal,43946
1385,174861,68',goal,43946
1192,174786,39',goal,43942
1192,53572,51',goal,43942
774,47861,19',goal,43935
300331515,228528,19',goal,43922
300331515,359847,23',goal,43951
97410058,177655,6',goal,43954
97410058,217882,59',goal,43954
97410058,217882,69',goal,43954
2182,174515,29',goal,43970
2182,59079,85',goal,43970
2182,58597,27',goal,43975
1983,174796,50',goal,43960
1983,1043,65',goal,43960
959,52681,60',goal,43909
959,45793,9',goal,43952
300061470,298885,38',goal,1902465
3052,174616,11',goal,43953
1653,44576,26',goal,43930
1653,47998,31',goal,43930
1653,48288,15',penalty,43946
300111113,184616,18',goal,43960
300111113,215002,84',goal,43960
300111113,184410,90'+4,penalty,44002
1096,29657,19',goal,43946
1096,52726,40',goal,43946
1096,53765,43',goal,43946
1096,53765,87',goal,43946
1096,47331,70',goal,43911
300061466,214961,4',goal,43942
300061466,207851,40',goal,43921
300331554,370575,35',penalty,43888
300331554,369419,11',goal,43942
300331554,369419,90'+1',goal,43942
97410019,194176,83',goal,43942
97410019,214961,90'+1,goal,43942
300186503,266800,118',goal,43922
2252,63908,12',goal,43924
2252,63914,57',goal,43924
2252,63914,63',goal,43924
2252,174694,45',goal,43962
300331503,379988,12',goal,43965
300331503,358883,43',goal,43965
300331503,358889,71',goal,43965
300331503,358883,90'+1',goal,43965
300331503,371639,90'+4',goal,43965
627,56535,54',goal,43911
43950010,92699,50',goal,43924
43950010,170691,87',penalty,43924
43950010,166347,45'+2,goal,43972
1475,44579,90',goal,43925
440,55528,17',goal,43924
440,28528,41',goal,43946
300331508,395552,40',goal,43926
300331508,229444,70',goal,43926
300331508,309714,75',goal,43926
2170,44043,24',penalty,43962
2170,174694,62',goal,43962
2170,51873,43',goal,43975
97410045,170707,55',goal,43946
97410045,170711,61',goal,43946
1249,63850,23',goal,43924
1249,63855,30',goal,43924
1249,63859,34',goal,43924
1249,63859,43',goal,43924
1249,63854,69',goal,43924
8746,170650,51',goal,43883
8746,24456,12',goal,43941
102,79318,106',goal,43849
102,79318,108',goal,43849
102,44555,115',goal,43926
300061482,234927,29',penalty,43954
300061482,198161,7',goal,43978
1422,53996,44',goal,43952
1422,53996,99',goal,43952
1422,60355,19',goal,44025
43950047,177788,70',goal,43822
97410012,213001,84',goal,43976
97410012,213001,89',goal,43976
97410012,154050,90'+2,goal,43976
97410012,177773,26',goal,43819
2062,44652,77',goal,44024
300186508,215002,88',goal,43960
300186508,184615,90'+4,penalty,43960
300186508,234551,48',goal,43911
300061494,229884,17',goal,43969
300061494,229884,51',goal,43969
114,174711,88',goal,44023
114,154742,90',goal,43926
8750,44755,42',goal,43935
8750,44755,47',goal,43935
8750,77275,55',penalty,43911
8750,162580,62',goal,43911
43950051,77995,11',goal,43970
43950051,4102,104',goal,43879
43950051,4102,37',goal,43879
1434,56175,6',goal,43975
1434,69955,49',goal,43967
3059,75952,2',goal,43922
3059,75952,44',goal,43922
3059,75952,90',penalty,43922
3059,174732,60',goal,43922
300331549,307849,90'+3',goal,43822
300331549,234552,26',penalty,43911
300331549,228599,66',goal,43911
378,159846,15',goal,43969
378,159846,68',goal,43969
378,63581,70',goal,43969
1208,51194,81',goal,43969
1208,46285,83',goal,43969
1208,60291,89',goal,43969
1208,55936,17',goal,43921
1176,51377,19',owngoal,43950
1176,44693,37',goal,43950
1176,44788,39',goal,43950
1176,44788,85',goal,43950
1176,44605,65',goal,43950
1176,55350,1',goal,43970
1199,60291,48',goal,43969
1463,369227,17',goal,43924
1463,63867,69',goal,43924
1463,63866,78',goal,43924
1463,174738,15',goal,44025
43950006,4039,39',goal,43928
43950006,162012,55',goal,43928
43950006,181632,63',goal,43883
43950006,170647,90'+1,penalty,43883
97410053,165247,90'+5,penalty,43954
790,63650,33',goal,43924
790,63648,48',goal,43924
790,63651,63',goal,43924
790,63630,87',goal,43924
790,54948,18',goal,43967
300061457,215513,44',goal,43949
300061457,228336,71',goal,43949
300061457,178738,16',goal,43876
3075,57487,67',goal,43923
3075,77901,19',penalty,43969
3075,160368,66',goal,43969
3075,160368,70',goal,43969
1418,46396,89',goal,43911
1418,174336,32',goal,43974
300061512,189259,41',goal,43930
300061512,286481,90'+2,goal,43930
300061512,155679,18',goal,43960
300061512,215002,70',goal,43960
300061512,184616,73',goal,43960
568,28528,15',goal,43946
568,58469,57',goal,43946
2408,49130,43',owngoal,43967
2408,48213,60',goal,43817
300186498,270301,20',goal,43925
300186498,318150,43',goal,43925
300186477,376230,3',owngoal,43922
300186477,229397,65',goal,43922
300186477,300411,85',goal,44037
300331532,375754,90'+3',goal,43822
300331532,307849,90'+6',goal,43822
753,44684,57',goal,43954
753,174446,67',goal,43954
753,174840,83',goal,43922
1459,63868,31',goal,43924
1459,63868,59',goal,43924
1459,63866,53',goal,43924
1459,174607,38',goal,43942
196,174666,51',goal,44023
196,174427,85',goal,44023
196,174671,89',penalty,43960
1635,43993,30',goal,43942
1635,43993,80',goal,43942
1635,39547,82',penalty,43963
1770,63896,24',goal,43924
1770,63869,59',goal,43924
1770,63879,61',goal,43924
1770,63879,83',goal,43924
1770,56196,11',goal,44025
300331524,201200,4',penalty,43963
300331524,201200,44',goal,43963
300331524,201200,88',goal,43963
300331524,367920,24',goal,43969
300331524,367920,55',goal,43969
300331524,400711,58',goal,43969
8785,92699,46',goal,43924
8785,155670,87',goal,43960
2388,44559,40',penalty,43960
2388,44559,62',goal,43960
2388,44559,79',penalty,43960
3063,174526,35',owngoal,43921
3063,77535,52',goal,43921
3063,76774,90',goal,43926
300061504,270775,8',goal,43930
300061504,270775,80',goal,43930
300061504,268414,68',goal,43822
300186461,289964,7',goal,43924
300186461,271043,69',goal,43924
300186461,269058,80',penalty,43926
342,174687,41',goal,43964
342,174687,55',penalty,43964
1300,174370,18',goal,43971
1300,51087,78',goal,43971
1300,174417,44',goal,43954
97410049,196789,12',goal,43948
97410049,196789,4',goal,43948
159,174427,60',goal,44023
159,174708,80',goal,43942
1479,48099,56',goal,43930
1479,57281,75',goal,43930
1479,60405,19',penalty,43926
1880,59219,53',goal,43970
1880,58341,56',goal,43984
300186504,271550,8',goal,43922
1091,59994,37',goal,43924
1091,59994,73',goal,43924
1091,63823,67',goal,43924
1091,63823,83',goal,43924
300111114,177914,73',goal,43969
56,44731,29',goal,43935
56,166466,26',penalty,43969
56,166540,38',goal,43969
2347,44582,29',goal,43954
2347,44773,54',goal,43954
2347,174688,1',goal,43946
1838,174416,8',goal,43954
1838,174438,98',goal,43954
1838,44569,104',goal,43954
1838,44571,111',goal,43954
1838,44612,90',goal,44023
1838,174790,110',goal,44023
1838,174790,94',goal,44023
2202,174658,16',goal,43922
2202,174658,71',goal,43922
300061461,175507,90'+1,goal,43921
300186457,286278,45'+1,goal,43819
300186457,309714,17',penalty,43926
300186457,313832,55',goal,43926
300186457,313832,82',goal,43926
300186457,269058,90',goal,43926
97410008,166375,4',goal,43963
300331545,269735,86',goal,43962
300331545,398594,37',owngoal,43879
300331545,336000,60',goal,43879
300186512,294620,82',goal,43860
300186512,207851,1',goal,43921
300186512,373555,86',goal,43921
1984,174694,76',goal,43962
300061498,229884,63',goal,43969
1087,48687,12',goal,43930
1087,47419,57',goal,43930
1087,51279,68',goal,43930
1087,47398,89',goal,43930
1087,174854,20',goal,43922
1087,61693,37',goal,43922
300061477,233500,39',goal,43819
3055,56798,84',goal,43961
1480,174551,20',goal,43975
1480,174551,61',goal,43975
1480,51536,25',goal,43975
1480,51536,87',goal,43975
1480,54059,82',goal,43975
1228,58582,17',goal,43970
1228,55844,26',goal,43970
1228,53163,35',goal,43928
1228,53162,74',goal,43928
300186494,356409,48',goal,43971
300186494,311554,90'+3,goal,43971
300186494,373400,22',goal,43927
1382,29875,16',goal,43946
1382,29875,36',goal,43946
1382,29875,78',goal,43946
1382,29875,89',goal,43946
1382,174677,27',penalty,43946
1382,48710,50',goal,43946
1382,47780,18',goal,44023
1382,44545,52',goal,44023
1382,57659,84',goal,44023
97410024,199026,63',goal,43963
97410024,201200,80',penalty,43963
1947,60138,15',goal,43922
1947,60138,68',goal,43922
1947,174617,18',goal,43922
1947,174362,55',goal,43922
1947,57537,63',goal,43908
421,163644,85',goal,43969
421,43988,35',goal,43935
3079,95648,15',goal,43965
3079,95648,41',goal,43965
3079,95648,44',penalty,43965
3079,95648,72',goal,43965
3079,95648,75',goal,43965
3079,81831,81',goal,43965
3079,79318,46',goal,43849
564,174427,9',goal,44023
564,44739,90',goal,44023
3096,58455,75',goal,43936
3096,52856,78',goal,43936
3096,174742,47',penalty,43948
1101,47419,18',goal,43930
1101,47419,67',goal,43930
1101,47419,72',goal,43930
1101,45675,20',goal,43930
1101,45675,31',goal,43930
1101,51279,61',goal,43930
1101,59734,4',goal,43975
8770,161516,20',goal,43942
8770,161454,29',goal,43942
2003,174428,18',goal,44023
476,174409,58',goal,44026
476,44775,74',goal,44026
43950026,170688,15',goal,43924
43950026,170691,32',goal,43924
43950026,3243,45',penalty,43924
43950026,92699,55',goal,43924
8727,171398,77',goal,43849
8727,174872,90'+1,goal,43934
1156,58197,103',goal,43902
1156,58197,44',goal,43902
1156,69663,69',goal,43902
1156,46605,35',goal,43964
1156,46209,88',goal,43964
1156,48634,105',goal,43964
300331528,336133,59',goal,43941
749,44723,62',goal,43935
43950030,156216,78',goal,43822
43950030,178091,24',goal,43921
460,181121,70',goal,43822
460,49898,11',goal,43936
1510,47000,45',goal,44023
1510,57776,59',goal,44023
1510,57710,73',goal,43971
175,174625,43',goal,43822
175,166466,23',goal,43969
175,166466,61',goal,43969
175,166466,81',goal,43969
8731,174605,21',goal,43969
8731,155148,47',goal,43969
8731,93446,24',goal,43876
8731,44789,73',owngoal,43876
8731,106557,78',goal,43876
1843,174828,26',goal,44023
300186482,321653,31',goal,43971
300186482,321653,6',goal,43971
300186482,321653,71',goal,43971
97410032,216223,4',goal,43973
97410032,158385,36',goal,43973
97410032,158386,46',goal,43973
97410032,216226,84',goal,43973
8766,161077,4',goal,43960
8766,95564,18',goal,43960
8766,77290,75',goal,43911
8766,170333,90'+4,goal,43911
300061508,189259,55',goal,43930
300061508,183000,45'+2,goal,43860
3080,63547,46',goal,43924
3080,157927,23',goal,43970
1403,44689,19',goal,43950
1403,44689,46',goal,43950
1403,57518,54',goal,43950
1403,46433,69',goal,43950
8788,163331,27',goal,43946
8788,163331,45'+1,goal,43946
8788,95448,90'+3,goal,43946
8767,155334,50',goal,43948
8767,174666,57',goal,43948
300061509,183857,116',goal,43969
3081,54895,47',goal,43872
3081,77376,43',goal,43960
3081,44584,77',goal,43960
300186483,183893,64',goal,43921
300186483,207851,81',goal,43921
300186483,254167,5',goal,43963
300186483,254166,90'+5,goal,43963
97410033,182206,4',goal,43948
97410033,182206,44',goal,43948
97410033,196789,57',goal,43948
43950031,4339,17',goal,43888
43950031,44755,13',goal,43935
1511,56563,85',goal,43975
1141,174884,50',goal,44025
1141,174799,67',goal,44025
1141,48634,11',goal,43964
8730,160559,36',goal,43946
8730,170641,77',owngoal,43946
8730,170711,90'+2,goal,43946
300331529,291438,56',goal,1902465
97410064,184451,19',goal,43954
97410064,163331,7',penalty,43946
1012,174835,21',penalty,44025
1012,2204,57',goal,43823
43950027,185038,28',goal,43911
43950027,70097,57',goal,43911
43950027,155011,5',goal,43927
8726,155979,11',goal,43954
8726,174363,84',penalty,43954
8726,154557,45'+3,goal,43925
8726,154557,48',goal,43925
1157,58197,51',goal,43902
1157,49358,57',goal,43902
1157,48634,35',goal,43964
162,174363,71',goal,43954
162,44611,86',penalty,43954
162,174867,81',goal,43942
300331495,303682,47',owngoal,43965
300331495,358883,59',goal,43965
300331495,358889,62',goal,43965
300331495,344654,73',penalty,43855
1946,174617,20',goal,43922
1946,44670,14',goal,44024
1415,58070,17',goal,43970
1415,58070,64',goal,43970
1415,174705,57',penalty,43970
3078,106610,48',goal,43954
3078,77263,57',goal,43911
3097,77240,25',goal,43954
3097,174363,88',goal,43954
3097,160368,58',goal,43969
1100,48687,7',goal,43930
1100,57652,24',goal,43930
1100,45675,30',goal,43930
1100,47419,35',goal,43930
8771,94407,74',goal,43819
8771,156015,39',goal,43910
8771,156015,54',goal,43910
300186495,307849,50',goal,43822
300186495,291393,72',goal,43822
300186495,354859,26',goal,43843
300186495,296827,28',goal,43843
300186495,354875,38',goal,43843
300186495,366309,62',goal,43843
1679,174832,42',goal,43821
2405,59530,2',goal,43929
2405,174483,36',penalty,43929
2405,174483,39',penalty,43929
2405,174483,79',goal,43929
2405,57171,41',goal,43817
97410025,210205,22',goal,43954
97410025,210192,27',owngoal,43921
1194,56974,16',goal,43925
1194,48048,32',goal,43925
1194,48048,60',goal,43925
1194,56449,54',goal,43925
1194,56883,82',goal,43925
1194,59780,47',goal,43921
1194,53336,48',penalty,43921
300331513,369058,53',goal,43938
300331513,241559,80',goal,43938
300331513,296633,90'+1',goal,43938
1747,59429,12',goal,43935
1747,59429,54',goal,43935
1747,52706,79',penalty,43935
1252,63855,69',goal,43924
1252,44777,48',goal,43975
1602,59743,17',owngoal,43963
1602,39547,38',goal,43963
1602,61699,81',goal,43963
2350,54656,15',goal,44023
2350,174791,30',goal,44023
2350,44587,38',goal,44023
2350,44587,73',goal,44023
2350,49470,44',goal,44023
2350,49470,89',goal,44023
119,44555,50',goal,43926
119,44708,85',goal,43926
1086,61693,17',goal,43922
1086,61693,8',goal,43922
1086,61693,80',goal,43922
1086,60407,12',goal,43922
1086,60407,55',goal,43922
1086,44726,53',goal,43922
1086,57131,42',penalty,43911
1086,57131,65',goal,43911
1086,49834,75',goal,43911
3054,174490,11',goal,43935
2215,63914,40',goal,43924
1710,61638,31',goal,44026
1710,61638,88',goal,44026
1710,174371,33',goal,44026
300186456,314197,29',goal,43924
300186456,314197,71',penalty,43924
300186456,312868,90'+1,goal,43924
300186456,218284,11',owngoal,43938
1340,63866,2',goal,43924
1340,63855,39',goal,43924
1340,63869,52',goal,43924
1340,63869,64',goal,43924
1340,63869,75',goal,43924
1340,29875,9',goal,43946
1340,174861,83',goal,43946
97410009,177876,40',goal,43954
97410009,234927,83',goal,43954
300331544,267834,7',goal,43930
300331544,267834,62',goal,43930
300331544,275931,55',goal,43963
300186513,306532,37',goal,43942
300186513,298664,35',goal,43954
300186513,301059,50',goal,43954
1090,53957,23',goal,43921
1090,49494,45',goal,43921
1090,55992,69',goal,43921
300111115,178738,12',goal,43876
300111115,3989,69',penalty,43876
300111115,296013,38',goal,43822
300111115,207761,49',goal,43822
57,174490,53',goal,43935
57,174496,64',goal,43935
1839,57776,56',goal,44023
1839,174790,80',goal,44023
1839,51467,21',goal,43872
300061460,201964,6',goal,43922
1497,174844,90',goal,43969
1478,182129,11',goal,44026
1478,182129,8',goal,44026
1478,47679,10',goal,44026
1478,56380,56',goal,44026
1478,44945,21',goal,43926
1478,47883,68',goal,43926
1478,56559,72',goal,43926
1478,52277,76',goal,43926
1881,53557,23',goal,43930
1881,54679,50',goal,43930
764,44607,22',goal,43934
1301,51087,14',goal,43971
1301,51087,85',goal,43971
1301,174370,48',goal,43971
1301,49289,90',goal,43971
1301,55058,67',goal,43954
97410048,158386,70',penalty,43973
300331505,271255,34',goal,43819
300331505,233500,78',goal,43819
300331505,353790,11',goal,43879
300331505,386256,71',goal,43879
1233,57659,31',goal,44023
1233,174784,47',goal,44023
1233,44747,54',penalty,44023
1233,44747,64',penalty,44023
1233,59793,61',goal,44023
1233,59793,89',goal,44023
1233,56458,51',goal,43934
300186460,306548,92',goal,43948
300186460,305036,120',goal,43948
300186460,354875,120'+1,goal,43843
8784,155670,12',goal,43960
8784,77376,90',goal,43960
8784,170102,17',goal,43922
3062,2354,35',goal,43964
3062,58605,16',goal,43971
3062,157814,52',goal,43971
3062,52293,65',goal,43971
3062,52293,72',goal,43971
300061505,321722,3',goal,43948
300061505,182206,68',goal,43948
300061505,182206,89',goal,43948
300061505,191178,74',goal,43948
1634,43993,37',goal,43942
1634,174622,75',goal,43942
1264,46791,5',goal,43930
1264,44727,39',goal,43930
1264,44609,46',goal,43930
1264,45523,78',goal,43930
1264,53136,16',goal,43942
1264,49427,67',goal,43942
1771,47842,44',goal,43924
1771,63879,76',goal,43924
1771,63896,89',goal,43924
1771,48099,19',goal,43930
300331525,308366,20',goal,43924
300331525,356415,50',goal,43971
197,174742,25',penalty,44023
1458,63868,32',goal,43924
1458,63868,9',goal,43924
1458,63866,47',goal,43924
1458,63866,78',goal,43924
1458,59050,42',goal,43925
1458,44596,61',penalty,43925
300331533,336435,58',penalty,43946
300331533,349342,81',owngoal,43946
300331533,197514,62',penalty,43976
300331499,214667,65',penalty,43970
752,174395,26',goal,43922
752,174732,28',goal,43922
752,174732,57',goal,43922
752,174354,60',goal,43922
752,56368,76',goal,43950
882,49571,27',goal,43942
181,44594,84',goal,43969
181,44667,78',goal,43975
181,44667,93',goal,43975
1675,174360,2',goal,43963
1675,174360,67',goal,43963
1675,61699,90',goal,43963
1675,174388,60',goal,43950
300186499,186808,74',goal,43965
300186499,268149,68',goal,43822
1225,174410,20',goal,43975
1225,47774,23',goal,43975
1225,47774,51',goal,43975
1225,59027,81',goal,43975
1225,55669,89',penalty,43911
355,174449,60',goal,43921
355,44645,26',goal,44025
355,44645,78',goal,44025
355,174403,40',penalty,44025
355,174594,50',goal,44025
355,174719,90',goal,44025
300186476,298582,31',owngoal,43963
300186476,201200,80',goal,43963
300186476,208353,57',goal,43860
97410029,170711,9',goal,43946
97410029,177788,81',goal,43822
3074,76751,44',goal,43926
3074,76756,90',goal,43926
97410052,214964,23',goal,43963
2167,174694,43',goal,43962
791,63627,75',goal,43924
791,63651,88',goal,43924
791,46115,34',goal,44026
512,55555,43',penalty,43941
512,49091,62',goal,43941
43950007,75952,63',goal,43922
300331548,395264,50',goal,43970
300331548,214667,62',penalty,43970
300331548,400634,74',owngoal,43970
97410005,162680,24',goal,43922
97410005,178837,38',goal,43922
97410005,212306,82',goal,43854
379,60352,59',goal,43843
379,44752,6',goal,43952
1659,174590,43',goal,44023
1659,25113,67',goal,44023
1659,56397,88',goal,44026
300061495,209502,34',goal,43925
8751,155711,77',goal,43938
1823,47121,51',goal,44026
1823,47121,74',goal,44026
43950050,170721,5',goal,43942
43950050,170722,22',goal,43942
43950050,177656,44',goal,43942
3058,77409,50',goal,43960
3058,77435,86',goal,43960
3058,92775,18',goal,43835
2063,174796,2',penalty,43960
2063,174428,25',penalty,44023
2063,174790,43',goal,44023
2433,51726,55',goal,43888
2433,49925,79',goal,43888
2433,48489,87',goal,43888
2433,59492,45',penalty,43911
8747,77325,28',goal,43876
103,174867,25',goal,43942
103,174708,105',penalty,43942
103,174708,83',penalty,43942
103,174684,61',penalty,43849
103,174518,65',goal,43849
300061483,318470,90'+3,goal,43978
300061483,184410,50',goal,44002
1423,45056,4',goal,43928
1423,61675,45',goal,43928
1423,55962,73',goal,43928
1423,54653,24',goal,43967
1423,47886,76',goal,43967
43950046,76144,7',goal,43935
43950046,184587,78',goal,43935
43950046,44755,82',goal,43935
43950046,77512,52',goal,43965
43950046,189214,88',goal,43965
300331509,352891,45'+6',penalty,43835
300331509,339745,90'+5',goal,43835
300331509,344654,22',goal,43855
97410044,210704,2',goal,43938
97410044,155696,56',goal,43938
97410044,154061,38',penalty,43976
97410044,159069,79',goal,43976
1248,174603,4',goal,43950
1248,174669,7',goal,43950
1248,174669,88',goal,43950
1248,174690,60',penalty,43950
1248,44603,18',penalty,43924
1248,63854,65',goal,43924
43950011,155979,27',goal,43954
43950011,155979,7',goal,43954
1474,44596,11',goal,43925
1474,44579,29',goal,43925
1474,47679,26',goal,44026
441,55528,15',goal,43924
441,55528,87',goal,43924
441,63548,42',goal,43924
